"Date","Price","Open","High","Low","Vol.","Change %"
"11/23/2023","10.170","10.170","10.180","10.095","383.34K","0.89%"
"11/22/2023","10.080","10.055","10.210","9.970","874.87K","-0.20%"
"11/21/2023","10.100","10.100","10.225","10.075","824.44K","-0.39%"
"11/20/2023","10.140","10.085","10.150","9.980","1.06M","0.95%"
"11/17/2023","10.045","9.970","10.090","9.970","1.10M","0.75%"
"11/16/2023","9.970","9.978","10.105","9.946","1.06M","-0.08%"
"11/15/2023","9.978","9.852","10.000","9.852","1.52M","1.34%"
"11/14/2023","9.846","9.680","9.866","9.648","1.05M","2.31%"
"11/13/2023","9.624","9.648","9.668","9.586","422.94K","0.08%"
"11/10/2023","9.616","9.656","9.748","9.590","561.34K","-1.50%"
"11/09/2023","9.762","9.694","9.836","9.610","662.45K","0.99%"
"11/08/2023","9.666","9.650","9.760","9.606","681.11K","0.21%"
"11/07/2023","9.646","9.740","9.740","9.568","616.84K","-1.07%"
"11/06/2023","9.750","9.720","9.784","9.652","1.09M","0.91%"
"11/03/2023","9.662","9.340","9.698","9.134","2.45M","3.31%"
"11/02/2023","9.352","9.234","9.410","9.234","1.30M","1.81%"
"11/01/2023","9.186","9.190","9.244","9.148","358.45K","-0.13%"
"10/31/2023","9.198","9.060","9.230","9.048","658.79K","1.41%"
"10/30/2023","9.070","9.074","9.110","9.030","459.77K","-0.11%"
"10/27/2023","9.080","9.090","9.130","9.032","388.84K","0.53%"
"10/26/2023","9.032","8.910","9.044","8.854","540.36K","1.21%"
"10/25/2023","8.924","8.860","8.942","8.836","413.10K","1.34%"
"10/24/2023","8.806","8.770","8.824","8.670","592.43K","0.59%"
"10/23/2023","8.754","8.800","8.838","8.730","780.35K","-0.75%"
"10/20/2023","8.820","8.920","8.942","8.804","814.16K","-2.13%"
"10/19/2023","9.012","8.946","9.022","8.936","451.36K","0.18%"
"10/18/2023","8.996","9.164","9.164","8.954","741.46K","-1.88%"
"10/17/2023","9.168","9.144","9.174","9.012","437.40K","-0.33%"
"10/16/2023","9.198","9.104","9.236","9.100","587.80K","0.63%"
"10/13/2023","9.140","9.128","9.236","9.108","545.00K","-0.11%"
"10/12/2023","9.150","9.192","9.254","9.144","600.17K","0.18%"
"10/11/2023","9.134","9.010","9.236","9.000","612.11K","0.77%"
"10/10/2023","9.064","9.000","9.192","9.000","694.38K","1.09%"
"10/09/2023","8.966","8.914","8.984","8.872","318.80K","-0.04%"
"10/06/2023","8.970","8.970","8.980","8.876","291.37K","0.43%"
"10/05/2023","8.932","8.940","8.952","8.860","483.69K","-0.07%"
"10/04/2023","8.938","8.920","9.008","8.872","486.83K","-0.13%"
"10/03/2023","8.950","9.000","9.100","8.932","467.89K","-0.73%"
"10/02/2023","9.016","9.200","9.298","9.010","693.54K","-1.62%"
"09/29/2023","9.164","9.138","9.234","9.108","727.24K","0.66%"
"09/28/2023","9.104","8.980","9.104","8.950","815.45K","1.27%"
"09/27/2023","8.990","8.980","9.040","8.912","485.48K","0.11%"
"09/26/2023","8.980","8.880","9.050","8.856","680.71K","0.56%"
"09/25/2023","8.930","8.980","8.992","8.794","1.55M","-1.11%"
"09/22/2023","9.030","9.038","9.080","8.996","503.27K","-0.27%"
"09/21/2023","9.054","9.048","9.070","8.956","1.19M","-0.79%"
"09/20/2023","9.126","9.068","9.180","9.056","419.54K","0.46%"
"09/19/2023","9.084","9.086","9.144","9.030","475.28K","0.26%"
"09/18/2023","9.060","9.168","9.202","9.056","363.76K","-1.26%"
"09/15/2023","9.176","9.220","9.262","9.156","670.77K","0.59%"
"09/14/2023","9.122","9.040","9.174","9.030","657.13K","0.86%"
"09/13/2023","9.044","9.134","9.176","9.040","768.89K","-1.16%"
"09/12/2023","9.150","9.220","9.238","9.072","486.88K","-0.48%"
"09/11/2023","9.194","9.196","9.248","9.176","527.77K","0.99%"
"09/08/2023","9.104","9.134","9.202","9.028","952.84K","-0.04%"
"09/07/2023","9.108","9.306","9.324","9.074","1.06M","-2.94%"
"09/06/2023","9.384","9.350","9.416","9.340","644.73K","-0.02%"
"09/05/2023","9.386","9.322","9.412","9.278","408.53K","0.13%"
"09/04/2023","9.374","9.440","9.458","9.334","418.90K","0.43%"
"09/01/2023","9.334","9.296","9.388","9.266","452.02K","0.73%"
"08/31/2023","9.266","9.272","9.348","9.266","446.73K","-0.04%"
"08/30/2023","9.270","9.290","9.326","9.250","334.67K","0.32%"
"08/29/2023","9.240","9.184","9.298","9.160","796.77K","1.04%"
"08/28/2023","9.145","9.145","9.148","9.080","","1.50%"
"08/25/2023","9.010","9.010","9.084","8.992","389.61K","0.04%"
"08/24/2023","9.006","9.050","9.094","8.974","449.03K","-0.04%"
"08/23/2023","9.010","9.090","9.134","9.002","580.43K","-0.33%"
"08/22/2023","9.040","9.044","9.086","8.990","462.51K","1.01%"
"08/21/2023","8.950","9.050","9.080","8.950","621.86K","-0.69%"
"08/18/2023","9.012","9.100","9.100","8.952","799.33K","-0.88%"
"08/17/2023","9.092","9.150","9.210","9.062","1.36M","-0.81%"
"08/16/2023","9.166","9.200","9.282","9.166","470.17K","-0.54%"
"08/15/2023","9.216","9.348","9.348","9.180","655.80K","-1.07%"
"08/14/2023","9.316","9.300","9.372","9.260","408.06K","0.17%"
"08/11/2023","9.300","9.396","9.404","9.286","433.18K","-1.32%"
"08/10/2023","9.424","9.370","9.462","9.370","506.15K","0.55%"
"08/09/2023","9.372","9.348","9.460","9.268","1.90M","1.28%"
"08/08/2023","9.254","9.200","9.270","9.166","560.50K","-0.90%"
"08/07/2023","9.338","9.320","9.338","9.202","563.23K","0.19%"
"08/04/2023","9.320","9.324","9.370","9.262","678.80K","0.19%"
"08/03/2023","9.302","9.330","9.350","9.190","1.25M","-0.47%"
"08/02/2023","9.346","9.420","9.454","9.320","872.73K","-1.35%"
"08/01/2023","9.474","9.600","9.600","9.470","727.50K","-1.02%"
"07/31/2023","9.572","9.554","9.642","9.480","697.76K","0.65%"
"07/28/2023","9.510","9.660","9.720","9.508","1.47M","-1.57%"
"07/27/2023","9.662","9.714","9.764","9.606","893.15K","-0.29%"
"07/26/2023","9.690","10.005","10.020","9.564","2.45M","-2.94%"
"07/25/2023","9.984","9.946","10.050","9.930","1.52M","0.79%"
"07/24/2023","9.906","9.750","9.942","9.730","429.37K","0.04%"
"07/21/2023","9.902","10.000","10.005","9.772","819.93K","-1.28%"
"07/20/2023","10.030","9.874","10.075","9.874","3.47M","1.74%"
"07/19/2023","9.858","9.970","9.986","9.858","6.19M","-1.16%"
"07/18/2023","9.974","10.000","10.010","9.862","380.23K","-0.10%"
"07/17/2023","9.984","10.005","10.085","9.910","1.35M","-1.00%"
"07/14/2023","10.085","10.180","10.255","10.080","567.60K","-1.71%"
"07/13/2023","10.260","9.900","10.295","9.900","1.86M","1.08%"
"07/12/2023","10.150","10.000","10.190","9.978","1.62M","2.01%"
"07/11/2023","9.950","9.800","9.966","9.790","1.95M","1.80%"
"07/10/2023","9.774","9.810","9.820","9.630","1.05M","2.43%"
"07/07/2023","9.542","9.436","9.600","9.372","499.26K","1.51%"
"07/06/2023","9.400","9.600","9.634","9.356","1.09M","-2.45%"
"07/05/2023","9.636","9.856","9.856","9.608","1.26M","-2.61%"
"07/04/2023","9.894","9.900","9.968","9.816","287.96K","0.16%"
"07/03/2023","9.878","9.826","9.898","9.796","353.86K","1.58%"
"06/30/2023","9.724","9.926","9.950","9.724","743.00K","-1.50%"
"06/29/2023","9.872","9.860","9.902","9.834","409.14K","0.18%"
"06/28/2023","9.854","9.976","10.020","9.802","633.52K","-1.04%"
"06/27/2023","9.958","10.035","10.140","9.828","418.90K","-0.24%"
"06/26/2023","9.982","10.055","10.055","9.900","363.70K","0.16%"
"06/23/2023","9.966","9.860","9.996","9.860","287.23K","0.00%"
"06/22/2023","9.966","9.940","10.010","9.850","454.61K","-0.30%"
"06/21/2023","9.996","10.075","10.075","9.932","465.64K","-0.14%"
"06/20/2023","10.010","10.050","10.055","9.870","674.52K","-0.89%"
"06/19/2023","10.100","10.190","10.205","10.060","373.50K","-1.27%"
"06/16/2023","10.230","10.175","10.285","10.055","1.05M","0.49%"
"06/15/2023","10.180","10.200","10.235","10.110","397.56K","-0.68%"
"06/14/2023","10.250","10.105","10.355","10.105","965.06K","1.28%"
"06/13/2023","10.120","9.990","10.160","9.990","895.08K","1.38%"
"06/12/2023","9.982","9.964","9.986","9.884","484.88K","0.34%"
"06/09/2023","9.948","9.958","9.990","9.800","524.84K","-0.26%"
"06/08/2023","9.974","9.980","10.065","9.958","395.93K","-0.06%"
"06/07/2023","9.980","9.844","10.045","9.800","551.83K","0.38%"
"06/06/2023","9.942","9.914","9.980","9.834","393.64K","0.28%"
"06/05/2023","9.914","9.940","9.980","9.856","476.91K","0.51%"
"06/02/2023","9.864","9.770","9.896","9.680","1.61M","2.75%"
"06/01/2023","9.600","9.670","9.688","9.550","621.98K","0.63%"
"05/31/2023","9.540","9.848","9.848","9.502","1.52M","-3.79%"
"05/30/2023","9.916","10.115","10.145","9.878","1.52M","-1.97%"
"05/29/2023","10.115","10.155","10.230","10.115","357.98K","0.00%"
"05/26/2023","10.115","9.994","10.125","9.976","556.30K","1.56%"
"05/25/2023","9.960","9.802","10.040","9.774","552.02K","1.67%"
"05/24/2023","9.796","9.846","9.864","9.732","2.65M","-1.43%"
"05/23/2023","9.938","9.964","10.040","9.930","393.65K","-0.14%"
"05/22/2023","9.952","9.974","9.986","9.904","409.13K","-0.48%"
"05/19/2023","10.000","10.080","10.095","10.000","393.17K","-0.65%"
"05/18/2023","10.065","10.000","10.085","9.962","409.99K","1.26%"
"05/17/2023","9.940","9.770","9.970","9.724","340.01K","1.64%"
"05/16/2023","9.780","9.864","9.934","9.746","432.44K","-1.31%"
"05/15/2023","9.910","9.990","9.990","9.864","344.87K","-0.22%"
"05/12/2023","9.932","9.950","10.145","9.892","1.08M","1.60%"
"05/11/2023","9.776","9.710","9.880","9.710","530.88K","-0.08%"
"05/10/2023","9.784","9.878","9.938","9.764","478.95K","-0.93%"
"05/09/2023","9.876","9.750","9.894","9.742","543.34K","1.19%"
"05/08/2023","9.760","9.736","9.838","9.700","451.66K","0.74%"
"05/05/2023","9.688","9.622","9.724","9.530","713.24K","1.91%"
"05/04/2023","9.506","9.678","9.692","9.424","728.61K","-1.80%"
"05/03/2023","9.680","9.600","9.730","9.550","647.09K","0.67%"
"05/02/2023","9.616","9.884","9.884","9.600","671.86K","-1.84%"
"04/28/2023","9.796","9.666","9.864","9.588","1.41M","2.00%"
"04/27/2023","9.604","9.500","9.724","9.350","1.70M","3.96%"
"04/26/2023","9.238","9.174","9.274","9.020","758.77K","0.57%"
"04/25/2023","9.186","9.330","9.330","9.132","548.19K","-1.48%"
"04/24/2023","9.324","9.422","9.456","9.286","978.74K","-1.52%"
"04/21/2023","9.468","9.620","9.628","9.416","688.54K","-1.95%"
"04/20/2023","9.656","9.722","9.726","9.616","511.50K","-0.56%"
"04/19/2023","9.710","9.766","9.774","9.656","484.70K","-0.37%"
"04/18/2023","9.746","9.762","9.810","9.690","447.43K","0.25%"
"04/17/2023","9.722","9.556","9.760","9.500","1.36M","2.75%"
"04/14/2023","9.462","9.502","9.550","9.440","448.78K","-0.21%"
"04/13/2023","9.482","9.302","9.536","9.200","686.18K","2.42%"
"04/12/2023","9.258","9.274","9.370","9.236","490.69K","-0.06%"
"04/11/2023","9.264","9.126","9.284","9.126","758.59K","2.59%"
"04/06/2023","9.030","9.098","9.154","8.966","623.85K","-0.31%"
"04/05/2023","9.058","9.200","9.232","9.024","999.78K","-1.22%"
"04/04/2023","9.170","9.360","9.450","9.170","417.02K","-1.93%"
"04/03/2023","9.350","9.520","9.520","9.320","666.06K","-1.31%"
"03/31/2023","9.474","9.474","9.512","9.390","695.26K","0.72%"
"03/30/2023","9.406","9.330","9.486","9.330","1.80M","1.62%"
"03/29/2023","9.256","9.202","9.286","9.138","653.32K","0.41%"
"03/28/2023","9.218","9.360","9.372","9.102","494.24K","0.39%"
"03/27/2023","9.182","9.250","9.270","9.026","632.86K","0.42%"
"03/24/2023","9.144","9.162","9.176","8.960","709.34K","-0.61%"
"03/23/2023","9.200","9.210","9.288","9.102","474.37K","-0.67%"
"03/22/2023","9.262","9.312","9.312","9.178","484.80K","-0.62%"
"03/21/2023","9.320","9.260","9.446","9.236","813.19K","1.97%"
"03/20/2023","9.140","8.950","9.196","8.774","1.02M","1.76%"
"03/17/2023","8.982","9.092","9.396","8.958","1.28M","-0.58%"
"03/16/2023","9.034","9.116","9.242","8.870","1.35M","0.11%"
"03/15/2023","9.024","9.722","9.750","9.022","1.90M","-6.93%"
"03/14/2023","9.696","9.550","9.752","9.530","1.80M","1.15%"
"03/13/2023","9.586","9.958","9.970","9.506","2.47M","-3.89%"
"03/10/2023","9.974","10.060","10.060","9.906","946.81K","-2.26%"
"03/09/2023","10.205","10.195","10.260","10.150","594.80K","-0.20%"
"03/08/2023","10.225","10.185","10.225","10.110","774.56K","-0.29%"
"03/07/2023","10.255","10.355","10.435","10.255","763.93K","-0.97%"
"03/06/2023","10.355","10.300","10.415","10.190","951.67K","0.00%"
"03/03/2023","10.355","10.285","10.390","10.270","810.39K","1.37%"
"03/02/2023","10.215","10.100","10.255","10.100","864.60K","0.64%"
"03/01/2023","10.150","10.100","10.310","9.900","1.98M","-2.26%"
"02/28/2023","10.385","10.260","10.450","10.215","1.55M","1.07%"
"02/27/2023","10.275","10.170","10.320","10.170","1.19M","1.68%"
"02/24/2023","10.105","10.030","10.150","10.015","1.06M","0.85%"
"02/23/2023","10.020","9.910","10.070","9.838","691.28K","1.60%"
"02/22/2023","9.862","10.005","10.005","9.820","736.59K","-2.60%"
"02/21/2023","10.125","10.090","10.170","10.030","547.75K","0.25%"
"02/20/2023","10.100","10.105","10.270","10.085","1.01M","0.40%"
"02/17/2023","10.060","9.894","10.120","9.842","1.31M","1.35%"
"02/16/2023","9.926","9.900","9.946","9.806","896.51K","0.87%"
"02/15/2023","9.840","9.754","9.856","9.736","840.16K","1.09%"
"02/14/2023","9.734","9.590","9.786","9.530","916.57K","2.01%"
"02/13/2023","9.542","9.554","9.594","9.468","719.16K","0.38%"
"02/10/2023","9.506","9.642","9.642","9.388","2.13M","-2.02%"
"02/09/2023","9.702","9.650","9.738","9.572","3.17M","0.35%"
"02/08/2023","9.668","9.820","9.842","9.668","1.16M","-0.98%"
"02/07/2023","9.764","9.810","9.824","9.694","891.95K","-0.55%"
"02/06/2023","9.818","9.838","9.864","9.724","866.49K","-0.75%"
"02/03/2023","9.892","9.886","9.926","9.800","1.15M","-0.14%"
"02/02/2023","9.906","9.982","10.020","9.824","1.13M","-0.48%"
"02/01/2023","9.954","9.932","9.984","9.864","2.08M","0.30%"
"01/31/2023","9.924","10.045","10.060","9.902","1.66M","-1.50%"
"01/30/2023","10.075","10.160","10.280","10.050","1.96M","-1.32%"
"01/27/2023","10.210","9.990","10.220","9.990","1.89M","2.65%"
"01/26/2023","9.946","9.990","9.990","9.778","882.58K","0.46%"
"01/25/2023","9.900","9.970","10.015","9.854","1.27M","-3.18%"
"01/24/2023","10.225","10.275","10.285","10.080","1.34M","0.00%"
"01/23/2023","10.225","10.240","10.275","10.155","988.50K","0.74%"
"01/20/2023","10.150","10.150","10.220","10.110","1.03M","0.94%"
"01/19/2023","10.055","10.230","10.260","9.980","1.90M","-2.28%"
"01/18/2023","10.290","10.340","10.360","10.150","1.62M","-0.48%"
"01/17/2023","10.340","10.165","10.365","10.165","2.95M","2.07%"
"01/16/2023","10.130","10.150","10.185","10.030","2.11M","0.60%"
"01/13/2023","10.070","9.930","10.120","9.900","1.49M","1.43%"
"01/12/2023","9.928","9.820","9.930","9.770","1.28M","1.45%"
"01/11/2023","9.786","9.800","9.920","9.744","1.11M","0.93%"
"01/10/2023","9.696","9.750","9.758","9.614","1.18M","-1.08%"
"01/09/2023","9.802","9.720","9.854","9.672","1.14M","1.47%"
"01/06/2023","9.660","9.700","9.720","9.502","757.16K","0.52%"
"01/05/2023","9.610","9.640","9.684","9.488","1.08M","-0.33%"
"01/04/2023","9.642","9.646","9.780","9.564","979.83K","0.35%"
"01/03/2023","9.608","9.550","9.660","9.464","2.15M","1.01%"
"01/02/2023","9.512","9.364","9.512","9.364","521.66K","2.92%"
"12/30/2022","9.242","9.308","9.320","9.242","473.47K","-0.86%"
"12/29/2022","9.322","9.278","9.372","9.234","474.03K","0.06%"
"12/28/2022","9.316","9.362","9.460","9.258","553.05K","-0.79%"
"12/27/2022","9.390","9.430","9.444","9.312","621.27K","0.84%"
"12/23/2022","9.312","9.300","9.430","9.280","640.12K","0.93%"
"12/22/2022","9.226","9.298","9.340","9.208","663.17K","-0.32%"
"12/21/2022","9.256","9.098","9.256","9.066","469.13K","1.78%"
"12/20/2022","9.094","8.860","9.112","8.836","1.30M","1.27%"
"12/19/2022","8.980","8.856","9.132","8.856","665.27K","0.94%"
"12/16/2022","8.896","9.000","9.032","8.820","1.25M","-1.51%"
"12/15/2022","9.032","9.060","9.190","9.010","799.02K","-0.86%"
"12/14/2022","9.110","9.470","9.532","9.010","1.02M","-3.39%"
"12/13/2022","9.430","9.284","9.510","9.216","731.38K","1.99%"
"12/12/2022","9.246","9.370","9.370","9.232","561.55K","-2.03%"
"12/09/2022","9.438","9.408","9.456","9.278","462.99K","0.21%"
"12/08/2022","9.418","9.306","9.452","9.300","427.42K","1.23%"
"12/07/2022","9.304","9.366","9.408","9.286","329.30K","-1.69%"
"12/06/2022","9.464","9.380","9.524","9.298","352.15K","0.92%"
"12/05/2022","9.378","9.394","9.556","9.348","706.79K","-0.19%"
"12/02/2022","9.396","9.298","9.406","9.218","566.04K","0.88%"
"12/01/2022","9.314","9.482","9.510","9.282","997.77K","-0.94%"
"11/30/2022","9.402","9.360","9.490","9.330","1.05M","-0.02%"
"11/29/2022","9.404","9.166","9.488","9.120","713.09K","2.91%"
"11/28/2022","9.138","9.210","9.266","9.102","776.58K","-1.99%"
"11/25/2022","9.324","9.320","9.360","9.262","551.45K","-0.13%"
"11/24/2022","9.336","9.412","9.432","9.312","486.71K","-0.58%"
"11/23/2022","9.390","9.616","9.616","9.386","1.16M","-1.07%"
"11/22/2022","9.492","9.362","9.600","9.334","667.55K","1.61%"
"11/21/2022","9.342","9.350","9.370","9.234","608.42K","-0.68%"
"11/18/2022","9.406","9.482","9.500","9.368","453.44K","0.17%"
"11/17/2022","9.390","9.482","9.542","9.350","363.39K","-0.89%"
"11/16/2022","9.474","9.570","9.618","9.456","508.05K","-1.48%"
"11/15/2022","9.616","9.700","9.700","9.524","873.59K","-0.08%"
"11/14/2022","9.624","9.590","9.700","9.462","747.73K","0.73%"
"11/11/2022","9.554","9.500","9.682","9.448","1.25M","1.10%"
"11/10/2022","9.450","9.380","9.482","9.170","901.39K","1.37%"
"11/09/2022","9.322","9.376","9.424","9.278","704.92K","-0.38%"
"11/08/2022","9.358","9.328","9.392","9.214","614.78K","-0.09%"
"11/07/2022","9.366","9.230","9.458","9.176","651.94K","1.12%"
"11/04/2022","9.262","8.940","9.372","8.940","1.80M","4.94%"
"11/03/2022","8.826","8.700","8.886","8.676","808.64K","0.23%"
"11/02/2022","8.806","9.080","9.080","8.800","871.51K","-2.52%"
"11/01/2022","9.034","8.920","9.046","8.908","831.25K","1.94%"
"10/31/2022","8.862","8.760","8.884","8.664","1.13M","1.68%"
"10/28/2022","8.716","8.624","8.816","8.600","919.90K","-0.43%"
"10/27/2022","8.754","8.704","8.814","8.316","1.99M","0.37%"
"10/26/2022","8.722","8.482","8.750","8.482","842.79K","3.15%"
"10/25/2022","8.456","8.534","8.602","8.392","649.80K","-0.61%"
"10/24/2022","8.508","8.556","8.590","8.360","933.01K","0.35%"
"10/21/2022","8.478","8.340","8.480","8.216","891.23K","0.59%"
"10/20/2022","8.428","8.246","8.448","8.182","1.32M","2.23%"
"10/19/2022","8.244","8.222","8.340","8.196","1.15M","0.49%"
"10/18/2022","8.204","8.350","8.382","8.202","1.06M","-0.80%"
"10/17/2022","8.270","8.110","8.330","8.110","944.59K","2.10%"
"10/14/2022","8.100","8.450","8.450","8.082","1.15M","-2.22%"
"10/13/2022","8.284","7.964","8.328","7.956","1.48M","4.02%"
"10/12/2022","7.964","8.188","8.188","7.938","1.31M","-2.55%"
"10/11/2022","8.172","8.130","8.194","8.030","1.16M","-0.56%"
"10/10/2022","8.218","8.000","8.310","7.970","1.20M","2.62%"
"10/07/2022","8.008","8.070","8.136","8.002","1.53M","-1.52%"
"10/06/2022","8.132","8.466","8.528","8.016","1.81M","-3.33%"
"10/05/2022","8.412","8.544","8.650","8.270","845.01K","-2.57%"
"10/04/2022","8.634","8.562","8.634","8.506","1.15M","3.03%"
"10/03/2022","8.380","8.094","8.430","8.034","740.24K","2.22%"
"09/30/2022","8.198","8.274","8.326","8.070","891.48K","0.47%"
"09/29/2022","8.160","8.350","8.350","8.060","1.01M","-2.18%"
"09/28/2022","8.342","8.372","8.404","8.160","1.09M","-1.88%"
"09/27/2022","8.502","8.400","8.588","8.384","781.87K","2.63%"
"09/26/2022","8.284","8.186","8.444","8.130","1.05M","-0.02%"
"09/23/2022","8.286","8.504","8.504","8.184","1.25M","-3.07%"
"09/22/2022","8.548","8.500","8.640","8.476","888.59K","-0.42%"
"09/21/2022","8.584","8.510","8.680","8.510","983.27K","0.35%"
"09/20/2022","8.554","8.732","8.772","8.510","852.72K","-1.86%"
"09/19/2022","8.716","8.536","8.750","8.512","720.58K","1.09%"
"09/16/2022","8.622","8.450","8.768","8.340","1.71M","1.20%"
"09/15/2022","8.520","8.610","8.738","8.504","1.19M","-0.93%"
"09/14/2022","8.600","8.774","8.900","8.540","1.41M","-2.80%"
"09/13/2022","8.848","9.218","9.238","8.832","1.16M","-3.70%"
"09/12/2022","9.188","9.100","9.300","9.088","1.19M","2.80%"
"09/09/2022","8.938","8.982","9.160","8.900","755.11K","0.74%"
"09/08/2022","8.872","9.020","9.042","8.796","737.02K","-0.34%"
"09/07/2022","8.902","8.766","8.922","8.716","807.25K","0.32%"
"09/06/2022","8.874","8.970","9.052","8.758","802.20K","0.91%"
"09/05/2022","8.794","8.782","8.932","8.700","892.13K","-2.59%"
"09/02/2022","9.028","8.672","9.052","8.520","1.16M","5.42%"
"09/01/2022","8.564","8.934","8.940","8.564","1.47M","-5.08%"
"08/31/2022","9.022","9.158","9.274","9.022","1.10M","-1.38%"
"08/30/2022","9.148","9.360","9.408","9.130","1.30M","-1.55%"
"08/29/2022","9.292","9.064","9.358","9.050","825.90K","1.40%"
"08/26/2022","9.164","9.346","9.414","9.138","642.38K","-1.48%"
"08/25/2022","9.302","9.340","9.400","9.230","467.60K","0.58%"
"08/24/2022","9.248","9.370","9.370","9.178","641.11K","-1.58%"
"08/23/2022","9.396","9.000","9.488","8.960","1.08M","3.82%"
"08/22/2022","9.050","9.306","9.316","8.892","1.58M","-2.69%"
"08/19/2022","9.300","9.594","9.594","9.300","1.10M","-3.51%"
"08/18/2022","9.638","9.580","9.732","9.556","678.93K","0.73%"
"08/17/2022","9.568","9.740","9.786","9.552","794.64K","-1.77%"
"08/16/2022","9.740","9.558","9.760","9.338","1.04M","2.76%"
"08/15/2022","9.478","9.692","9.692","9.438","550.56K","-1.21%"
"08/12/2022","9.594","9.682","9.682","9.560","623.52K","0.08%"
"08/11/2022","9.586","9.678","9.740","9.538","490.39K","-0.62%"
"08/10/2022","9.646","9.434","9.686","9.284","840.97K","2.38%"
"08/09/2022","9.422","9.512","9.522","9.366","574.24K","-0.72%"
"08/08/2022","9.490","9.444","9.580","9.390","710.77K","1.35%"
"08/05/2022","9.364","9.210","9.452","9.210","947.64K","1.74%"
"08/04/2022","9.204","9.108","9.258","9.076","946.99K","1.10%"
"08/03/2022","9.104","8.950","9.114","8.938","945.09K","1.22%"
"08/02/2022","8.994","9.110","9.112","8.908","1.13M","-2.07%"
"08/01/2022","9.184","9.572","9.574","9.184","1.14M","-3.31%"
"07/29/2022","9.498","9.222","9.522","9.176","1.66M","4.19%"
"07/28/2022","9.116","8.980","9.162","8.920","1.39M","3.15%"
"07/27/2022","8.838","8.874","8.874","8.760","571.51K","0.11%"
"07/26/2022","8.828","8.934","8.946","8.788","707.91K","-0.81%"
"07/25/2022","8.900","8.820","8.996","8.772","820.88K","0.04%"
"07/22/2022","8.896","8.826","8.930","8.580","1.36M","0.20%"
"07/21/2022","8.878","8.892","8.978","8.724","895.72K","-0.34%"
"07/20/2022","8.908","8.880","8.950","8.690","743.66K","0.88%"
"07/19/2022","8.830","8.612","8.848","8.468","757.85K","2.44%"
"07/18/2022","8.620","8.570","8.638","8.526","768.74K","2.35%"
"07/15/2022","8.422","8.418","8.462","8.258","980.17K","0.86%"
"07/14/2022","8.350","8.478","8.528","8.216","864.02K","-2.16%"
"07/13/2022","8.534","8.520","8.590","8.342","2.14M","0.35%"
"07/12/2022","8.504","8.328","8.550","8.220","4.88M","1.12%"
"07/11/2022","8.410","8.450","8.588","8.300","932.46K","-2.55%"
"07/08/2022","8.630","8.452","8.732","8.340","4.49M","0.91%"
"07/07/2022","8.552","8.350","8.670","8.220","1.38M","4.70%"
"07/06/2022","8.168","8.250","8.394","8.120","1.28M","-1.80%"
"07/05/2022","8.318","8.718","8.726","8.214","1.74M","-3.79%"
"07/04/2022","8.646","8.750","8.860","8.584","4.36M","-0.87%"
"07/01/2022","8.722","8.700","8.930","8.502","2.20M","-5.57%"
"06/30/2022","9.236","9.600","9.612","9.146","2.69M","-4.74%"
"06/29/2022","9.696","9.670","9.814","9.562","1.19M","-0.35%"
"06/28/2022","9.730","9.888","10.020","9.684","4.69M","-0.88%"
"06/27/2022","9.816","9.800","9.898","9.680","1.26M","1.36%"
"06/24/2022","9.684","9.602","9.706","9.374","1.15M","1.40%"
"06/23/2022","9.550","9.854","9.896","9.550","1.32M","-2.69%"
"06/22/2022","9.814","10.000","10.100","9.582","1.61M","-3.31%"
"06/21/2022","10.150","10.315","10.525","10.150","800.37K","-0.64%"
"06/20/2022","10.215","10.135","10.285","9.962","4.36M","1.19%"
"06/17/2022","10.095","10.070","10.285","9.940","1.07M","0.30%"
"06/16/2022","10.065","10.500","10.545","9.960","1.59M","-4.55%"
"06/15/2022","10.545","10.610","10.650","10.315","1.02M","1.35%"
"06/14/2022","10.405","10.800","10.820","10.350","1.23M","-2.25%"
"06/13/2022","10.645","11.100","11.160","10.580","1.36M","-5.67%"
"06/10/2022","11.285","11.600","11.650","11.230","1.27M","-3.05%"
"06/09/2022","11.640","11.870","12.015","11.620","1.33M","-1.94%"
"06/08/2022","11.870","11.870","12.095","11.800","2.43M","0.34%"
"06/07/2022","11.830","11.735","11.840","11.605","1.84M","0.94%"
"06/06/2022","11.720","12.000","12.150","11.290","3.46M","-0.76%"
"06/03/2022","11.810","11.800","12.010","11.350","4.31M","-3.12%"
"06/02/2022","12.190","12.300","12.360","12.120","1.25M","-0.04%"
"06/01/2022","12.195","12.155","12.410","11.915","3.14M","1.08%"
"05/31/2022","12.065","11.890","12.140","11.800","3.10M","1.00%"
"05/30/2022","11.945","12.000","12.030","11.650","2.48M","-0.46%"
"05/27/2022","12.000","11.215","12.030","11.195","4.54M","6.90%"
"05/26/2022","11.225","11.100","11.270","11.050","1.07M","1.13%"
"05/25/2022","11.100","10.890","11.145","10.800","1.28M","3.54%"
"05/24/2022","10.720","10.845","10.945","10.720","1.01M","-2.15%"
"05/23/2022","10.955","10.850","10.955","10.735","840.48K","2.86%"
"05/20/2022","10.650","10.840","10.950","10.625","876.83K","-0.70%"
"05/19/2022","10.725","10.530","10.755","10.420","983.13K","0.61%"
"05/18/2022","10.660","10.700","10.845","10.590","1.29M","-0.23%"
"05/17/2022","10.685","10.500","10.690","10.415","1.29M","3.24%"
"05/16/2022","10.350","10.460","10.465","10.260","868.20K","-0.81%"
"05/13/2022","10.435","10.390","10.545","10.305","1.03M","1.66%"
"05/12/2022","10.265","10.210","10.370","9.938","1.71M","-1.25%"
"05/11/2022","10.395","10.090","10.590","9.950","4.30M","6.20%"
"05/10/2022","9.788","10.000","10.080","9.768","926.27K","-1.17%"
"05/09/2022","9.904","10.025","10.075","9.816","1.87M","-0.86%"
"05/06/2022","9.990","9.728","10.060","9.576","1.05M","2.69%"
"05/05/2022","9.728","10.090","10.110","9.728","1.12M","-0.43%"
"05/04/2022","9.770","10.090","10.120","9.770","973.66K","-3.27%"
"05/03/2022","10.100","9.956","10.095","9.872","","2.85%"
"05/02/2022","9.820","10.020","10.090","9.806","","-2.68%"
"04/29/2022","10.090","10.030","10.150","10.005","","1.53%"
"04/28/2022","9.938","9.948","10.080","9.844","1.06M","1.20%"
"04/27/2022","9.820","9.600","9.824","9.460","","3.92%"
"04/26/2022","9.450","9.662","9.680","9.418","","-0.30%"
"04/25/2022","9.478","9.840","9.870","9.478","3.01M","-4.49%"
"04/22/2022","9.924","10.100","10.190","9.924","1.17M","-3.04%"
"04/21/2022","10.235","10.130","10.295","10.000","1.04M","1.54%"
"04/20/2022","10.080","10.020","10.150","9.930","981.16K","1.55%"
"04/19/2022","9.926","10.060","10.180","9.792","1.62M","-0.50%"
"04/14/2022","9.976","9.862","10.015","9.714","1.01M","2.30%"
"04/13/2022","9.752","9.766","9.846","9.676","1.05M","0.02%"
"04/12/2022","9.750","9.600","9.750","9.442","1.12M","2.05%"
"04/11/2022","9.554","9.508","9.750","9.454","1.35M","1.19%"
"04/08/2022","9.442","9.574","9.682","9.432","892.97K","0.66%"
"04/07/2022","9.380","9.562","9.618","9.372","1.63M","-1.82%"
"04/06/2022","9.554","9.794","9.922","9.440","1.83M","-2.41%"
"04/05/2022","9.790","9.980","9.980","9.716","1.84M","-1.96%"
"04/04/2022","9.986","10.150","10.155","9.868","1.21M","-1.57%"
"04/01/2022","10.145","10.060","10.170","9.932","659.37K","1.65%"
"03/31/2022","9.980","10.165","10.205","9.950","1.19M","-1.24%"
"03/30/2022","10.105","10.350","10.380","10.020","1.58M","-1.61%"
"03/29/2022","10.270","10.285","10.300","10.100","1.35M","1.73%"
"03/28/2022","10.095","10.375","10.420","10.065","1.25M","-2.18%"
"03/25/2022","10.320","10.380","10.380","10.135","1.23M","0.39%"
"03/24/2022","10.280","10.660","10.680","10.230","1.49M","-0.63%"
"03/23/2022","10.345","10.770","10.820","10.170","1.68M","-3.50%"
"03/22/2022","10.720","10.415","10.765","10.370","1.36M","3.47%"
"03/21/2022","10.360","10.010","10.360","9.994","999.58K","3.85%"
"03/18/2022","9.976","10.250","10.280","9.914","1.58M","-1.81%"
"03/17/2022","10.160","10.200","10.415","10.020","1.14M","0.25%"
"03/16/2022","10.135","9.790","10.160","9.740","1.56M","6.42%"
"03/15/2022","9.524","9.524","9.676","9.370","1.09M","-1.10%"
"03/14/2022","9.630","9.544","9.744","9.372","1.25M","2.12%"
"03/11/2022","9.430","9.444","9.572","9.100","2.18M","0.64%"
"03/10/2022","9.370","9.700","9.758","9.316","2.25M","-3.60%"
"03/09/2022","9.720","9.836","9.882","9.366","2.07M","1.46%"
"03/08/2022","9.580","9.850","10.300","9.580","2.58M","-3.91%"
"03/07/2022","9.970","10.010","10.340","9.620","1.70M","-3.30%"
"03/04/2022","10.310","11.050","11.185","10.305","2.07M","-7.12%"
"03/03/2022","11.100","11.240","11.560","11.085","1.92M","-1.25%"
"03/02/2022","11.240","11.180","11.380","10.935","1.75M","1.77%"
"03/01/2022","11.045","11.435","11.635","11.010","2.09M","-3.16%"
"02/28/2022","11.405","11.300","11.665","11.165","1.63M","0.31%"
"02/25/2022","11.370","10.730","11.400","10.730","1.44M","6.46%"
"02/24/2022","10.680","10.800","11.135","10.575","1.94M","-6.40%"
"02/23/2022","11.410","11.400","11.685","11.400","633.76K","0.18%"
"02/22/2022","11.390","11.000","11.560","10.820","951.73K","0.71%"
"02/21/2022","11.310","11.630","11.765","11.245","915.26K","-1.74%"
"02/18/2022","11.510","11.505","11.680","11.425","866.10K","0.79%"
"02/17/2022","11.420","11.745","11.780","11.420","756.12K","-2.89%"
"02/16/2022","11.760","11.685","11.840","11.655","742.90K","1.73%"
"02/15/2022","11.560","11.250","11.675","11.235","1.04M","2.21%"
"02/14/2022","11.310","11.355","11.620","11.180","2.02M","-2.88%"
"02/11/2022","11.645","11.590","11.810","11.545","867.77K","-0.85%"
"02/10/2022","11.745","11.940","11.950","11.575","1.22M","-1.05%"
"02/09/2022","11.870","11.690","11.905","11.565","997.30K","2.37%"
"02/08/2022","11.595","11.570","11.710","11.440","1.40M","-0.26%"
"02/07/2022","11.625","11.465","11.720","11.445","1.19M","1.93%"
"02/04/2022","11.405","11.720","11.765","11.360","1.12M","-2.40%"
"02/03/2022","11.685","11.565","11.800","11.550","1.17M","1.08%"
"02/02/2022","11.560","11.650","11.670","11.480","946.07K","-0.17%"
"02/01/2022","11.580","11.390","11.620","11.330","1.87M","2.93%"
"01/31/2022","11.250","11.220","11.420","11.145","1.48M","1.95%"
"01/28/2022","11.035","11.410","11.420","11.035","2.00M","-3.37%"
"01/27/2022","11.420","11.075","11.470","11.030","1.33M","1.33%"
"01/26/2022","11.270","11.200","11.475","11.105","1.59M","2.36%"
"01/25/2022","11.010","11.270","11.480","10.860","1.93M","-1.08%"
"01/24/2022","11.130","11.960","11.965","10.935","4.41M","-7.40%"
"01/21/2022","12.020","12.285","12.285","11.935","1.45M","-3.80%"
"01/20/2022","12.495","12.405","12.610","12.330","1.09M","1.09%"
"01/19/2022","12.360","12.225","12.465","12.005","4.04M","0.28%"
"01/18/2022","12.325","12.650","12.660","12.320","1.20M","-2.61%"
"01/17/2022","12.655","12.800","12.805","12.655","1.17M","-0.16%"
"01/14/2022","12.675","12.735","12.905","12.675","1.02M","-0.98%"
"01/13/2022","12.800","12.525","12.890","12.525","1.93M","2.11%"
"01/12/2022","12.535","12.215","12.590","12.190","2.79M","3.21%"
"01/11/2022","12.145","11.950","12.185","11.950","1.15M","2.36%"
"01/10/2022","11.865","12.055","12.110","11.835","1.43M","-1.21%"
"01/07/2022","12.010","12.000","12.070","11.900","1.13M","0.54%"
"01/06/2022","11.945","11.735","12.035","11.695","901.05K","0.13%"
"01/05/2022","11.930","11.715","11.945","11.710","2.87M","1.97%"
"01/04/2022","11.700","11.730","11.810","11.570","1.05M","0.26%"
"01/03/2022","11.670","11.500","11.695","11.440","1.01M","2.50%"
"12/30/2021","11.385","11.500","11.540","11.385","686.98K","-1.13%"
"12/29/2021","11.515","11.395","11.540","11.330","792.46K","0.88%"
"12/28/2021","11.415","11.335","11.505","11.335","756.72K","0.97%"
"12/27/2021","11.305","11.140","11.350","11.140","545.59K","1.12%"
"12/23/2021","11.180","11.205","11.290","11.110","2.57M","0.63%"
"12/22/2021","11.110","10.950","11.110","10.940","480.20K","1.65%"
"12/21/2021","10.930","11.055","11.140","10.930","1.73M","0.05%"
"12/20/2021","10.925","10.665","10.960","10.525","794.71K","0.23%"
"12/17/2021","10.900","10.785","11.035","10.775","844.76K","0.28%"
"12/16/2021","10.870","10.785","10.955","10.720","1.10M","2.89%"
"12/15/2021","10.565","10.620","10.730","10.535","844.03K","-0.19%"
"12/14/2021","10.585","10.355","10.665","10.280","732.61K","2.57%"
"12/13/2021","10.320","10.385","10.600","10.315","867.71K","0.63%"
"12/10/2021","10.255","10.240","10.340","10.165","409.08K","0.49%"
"12/09/2021","10.205","10.385","10.390","10.145","550.94K","-0.92%"
"12/08/2021","10.300","10.300","10.425","10.260","681.18K","0.00%"
"12/07/2021","10.300","10.175","10.335","10.120","754.47K","3.02%"
"12/06/2021","9.998","9.988","10.030","9.852","385.18K","1.38%"
"12/03/2021","9.862","10.055","10.070","9.836","583.19K","-1.63%"
"12/02/2021","10.025","9.890","10.120","9.870","681.07K","-0.10%"
"12/01/2021","10.035","9.900","10.130","9.894","668.38K","1.90%"
"11/30/2021","9.848","10.140","10.140","9.800","2.13M","-2.74%"
"11/29/2021","10.125","10.230","10.345","10.055","782.69K","0.15%"
"11/26/2021","10.110","10.265","10.385","9.950","1.53M","-4.76%"
"11/25/2021","10.615","10.800","10.800","10.505","500.04K","-1.12%"
"11/24/2021","10.735","10.800","10.930","10.700","802.19K","-0.42%"
"11/23/2021","10.780","10.660","10.855","10.580","580.35K","1.13%"
"11/22/2021","10.660","10.500","10.700","10.475","883.42K","2.01%"
"11/19/2021","10.450","10.865","10.885","10.370","1.25M","-2.84%"
"11/18/2021","10.755","10.700","10.895","10.620","1.29M","0.51%"
"11/17/2021","10.700","10.800","10.805","10.620","1.33M","-0.56%"
"11/16/2021","10.760","10.835","10.885","10.745","1.35M","-1.10%"
"11/15/2021","10.880","11.050","11.050","10.755","1.81M","-1.58%"
"11/12/2021","11.055","11.305","11.310","10.950","1.66M","-1.99%"
"11/11/2021","11.280","11.140","11.335","11.095","963.24K","1.81%"
"11/10/2021","11.080","11.185","11.220","10.925","1.96M","-1.16%"
"11/09/2021","11.210","11.440","11.555","11.195","1.16M","-1.10%"
"11/08/2021","11.335","11.255","11.400","11.130","3.19M","1.02%"
"11/05/2021","11.220","11.480","11.480","11.215","1.26M","-1.41%"
"11/04/2021","11.380","11.500","11.545","11.235","2.48M","0.35%"
"11/03/2021","11.340","12.010","12.225","11.335","3.15M","-4.91%"
"11/02/2021","11.925","12.180","12.180","11.710","1.66M","-2.61%"
"11/01/2021","12.245","12.160","12.345","12.150","883.38K","1.74%"
"10/29/2021","12.035","11.980","12.095","11.925","1.38M","0.33%"
"10/28/2021","11.995","11.975","12.015","11.905","1.53M","0.00%"
"10/27/2021","11.995","12.030","12.125","11.905","929.16K","-0.37%"
"10/26/2021","12.040","11.875","12.080","11.815","964.49K","1.99%"
"10/25/2021","11.805","11.725","11.825","11.650","723.90K","1.86%"
"10/22/2021","11.590","11.545","11.705","11.510","1.76M","0.87%"
"10/21/2021","11.490","11.655","11.680","11.400","3.98M","-2.25%"
"10/20/2021","11.755","11.875","11.875","11.570","1.06M","-1.51%"
"10/19/2021","11.935","12.220","12.350","11.885","1.11M","-1.93%"
"10/18/2021","12.170","12.145","12.230","12.025","1.07M","0.21%"
"10/15/2021","12.145","12.000","12.290","11.980","1.16M","1.93%"
"10/14/2021","11.915","11.990","12.060","11.860","1.00M","0.34%"
"10/13/2021","11.875","11.860","12.010","11.795","1.16M","0.34%"
"10/12/2021","11.835","11.500","11.840","11.400","3.68M","2.29%"
"10/11/2021","11.570","11.320","11.675","11.260","1.37M","3.03%"
"10/08/2021","11.230","11.200","11.425","11.200","2.85M","-0.04%"
"10/07/2021","11.235","11.010","11.330","10.935","1.47M","1.86%"
"10/06/2021","11.030","11.165","11.200","10.940","957.75K","-2.09%"
"10/05/2021","11.265","10.895","11.265","10.870","898.65K","3.40%"
"10/04/2021","10.895","11.000","11.035","10.690","1.76M","-1.04%"
"10/01/2021","11.010","10.700","11.170","10.610","24.16M","-0.72%"
"09/30/2021","11.090","11.315","11.385","11.050","812.14K","-1.11%"
"09/29/2021","11.215","10.810","11.305","10.740","1.33M","4.67%"
"09/28/2021","10.715","11.000","11.130","10.715","873.81K","-3.12%"
"09/27/2021","11.060","11.170","11.180","10.870","967.40K","-0.45%"
"09/24/2021","11.110","11.070","11.190","11.040","448.54K","-0.54%"
"09/23/2021","11.170","11.215","11.280","11.010","941.36K","0.00%"
"09/22/2021","11.170","11.080","11.205","10.940","1.09M","2.29%"
"09/21/2021","10.920","11.150","11.285","10.885","921.95K","-2.11%"
"09/20/2021","11.155","11.420","11.420","11.015","1.05M","-4.08%"
"09/17/2021","11.630","11.545","11.840","11.490","2.09M","0.91%"
"09/16/2021","11.525","11.470","11.730","11.450","857.03K","0.39%"
"09/15/2021","11.480","11.185","11.490","11.170","815.63K","2.64%"
"09/14/2021","11.185","11.325","11.395","11.175","998.01K","-1.50%"
"09/13/2021","11.355","11.450","11.490","11.270","636.61K","-0.26%"
"09/10/2021","11.385","11.310","11.480","11.310","574.11K","0.71%"
"09/09/2021","11.305","11.380","11.380","11.225","512.43K","-0.92%"
"09/08/2021","11.410","11.580","11.670","11.400","598.33K","-1.21%"
"09/07/2021","11.550","11.405","11.600","11.315","617.59K","1.58%"
"09/06/2021","11.370","11.495","11.500","11.300","365.34K","-0.44%"
"09/03/2021","11.420","11.515","11.540","11.390","683.08K","-0.48%"
"09/02/2021","11.475","11.555","11.575","11.395","543.46K","-0.35%"
"09/01/2021","11.515","11.650","11.650","11.360","841.70K","-0.04%"
"08/31/2021","11.520","11.555","11.720","11.450","935.24K","0.35%"
"08/30/2021","11.480","11.625","11.725","11.480","397.02K","-0.99%"
"08/27/2021","11.595","11.405","11.600","11.395","511.34K","1.62%"
"08/26/2021","11.410","11.350","11.470","11.250","4.59M","-0.48%"
"08/25/2021","11.465","11.345","11.465","11.275","510.92K","1.78%"
"08/24/2021","11.265","11.260","11.345","11.200","637.54K","0.40%"
"08/23/2021","11.220","11.355","11.355","11.160","706.78K","0.49%"
"08/20/2021","11.165","11.260","11.315","11.080","484.77K","-0.67%"
"08/19/2021","11.240","11.450","11.545","11.140","919.68K","-3.35%"
"08/18/2021","11.630","11.500","11.640","11.480","691.17K","0.78%"
"08/17/2021","11.540","11.500","11.695","11.450","421.24K","-0.30%"
"08/16/2021","11.575","11.750","11.765","11.505","525.77K","-1.82%"
"08/13/2021","11.790","11.550","11.800","11.550","1.04M","2.34%"
"08/12/2021","11.520","11.475","11.555","11.400","485.09K","0.70%"
"08/11/2021","11.440","11.325","11.450","11.245","532.87K","1.10%"
"08/10/2021","11.315","11.375","11.375","11.195","389.86K","0.31%"
"08/09/2021","11.280","11.230","11.320","11.150","380.83K","0.58%"
"08/06/2021","11.215","11.090","11.335","11.065","471.43K","1.31%"
"08/05/2021","11.070","11.050","11.105","10.965","609.86K","0.05%"
"08/04/2021","11.065","11.235","11.240","11.050","423.43K","-0.63%"
"08/03/2021","11.135","11.200","11.200","10.960","647.70K","0.41%"
"08/02/2021","11.090","11.510","11.510","11.075","1.03M","-1.47%"
"07/30/2021","11.255","11.450","11.480","11.120","989.11K","-2.89%"
"07/29/2021","11.590","11.390","11.675","11.325","1.88M","3.53%"
"07/28/2021","11.195","11.240","11.280","11.070","639.82K","-0.44%"
"07/27/2021","11.245","11.260","11.325","11.115","1.20M","-0.35%"
"07/26/2021","11.285","10.840","11.295","10.820","1.25M","4.20%"
"07/23/2021","10.830","10.640","10.840","10.595","814.99K","2.36%"
"07/22/2021","10.580","10.660","10.745","10.580","652.85K","-0.38%"
"07/21/2021","10.620","10.390","10.655","10.335","2.46M","3.16%"
"07/20/2021","10.295","10.225","10.395","10.160","761.06K","1.68%"
"07/19/2021","10.125","10.210","10.400","9.986","1.11M","-2.08%"
"07/16/2021","10.340","10.500","10.550","10.250","750.55K","-0.86%"
"07/15/2021","10.430","10.510","10.510","10.280","632.85K","-0.10%"
"07/14/2021","10.440","10.300","10.570","10.230","972.20K","1.51%"
"07/13/2021","10.285","10.490","10.510","10.250","801.79K","-1.39%"
"07/12/2021","10.430","10.510","10.520","10.130","2.32M","-1.79%"
"07/09/2021","10.620","10.300","10.640","10.225","796.53K","3.76%"
"07/08/2021","10.235","10.390","10.390","10.095","950.78K","-1.35%"
"07/07/2021","10.375","10.255","10.395","10.155","831.43K","1.72%"
"07/06/2021","10.200","10.515","10.595","10.150","1.19M","-3.41%"
"07/05/2021","10.560","10.460","10.595","10.435","601.43K","1.29%"
"07/02/2021","10.425","10.350","10.495","10.320","883.30K","1.02%"
"07/01/2021","10.320","10.220","10.480","10.200","1.05M","1.33%"
"06/30/2021","10.185","10.245","10.300","10.000","1.20M","-0.20%"
"06/29/2021","10.205","9.974","10.215","9.938","1.25M","2.52%"
"06/28/2021","9.954","9.990","10.150","9.880","1.52M","-0.08%"
"06/25/2021","9.962","9.980","10.030","9.910","1.17M","0.67%"
"06/24/2021","9.896","9.950","9.960","9.750","1.35M","0.20%"
"06/23/2021","9.876","9.750","9.924","9.714","4.19M","1.73%"
"06/22/2021","9.708","9.766","9.778","9.504","2.47M","0.21%"
"06/21/2021","9.688","9.820","9.890","9.550","4.86M","-0.47%"
"06/18/2021","9.734","10.200","10.250","9.718","29.45M","-10.04%"
"06/17/2021","10.820","11.070","11.070","10.820","897.77K","-2.87%"
"06/16/2021","11.140","11.400","11.445","11.075","747.51K","-1.85%"
"06/15/2021","11.350","11.645","11.645","11.350","1.29M","-2.74%"
"06/14/2021","11.670","11.725","11.850","11.670","567.98K","-0.26%"
"06/11/2021","11.700","11.485","11.785","11.470","1.26M","2.09%"
"06/10/2021","11.460","11.460","11.605","11.425","553.44K","0.00%"
"06/09/2021","11.460","11.660","11.670","11.370","2.76M","-1.67%"
"06/08/2021","11.655","11.515","11.680","11.480","2.99M","1.26%"
"06/07/2021","11.510","11.500","11.630","11.455","2.42M","0.17%"
"06/04/2021","11.490","11.425","11.585","11.425","719.25K","-0.26%"
"06/03/2021","11.520","11.505","11.535","11.415","608.58K","-0.04%"
"06/02/2021","11.525","11.540","11.575","11.455","547.61K","0.22%"
"06/01/2021","11.500","11.320","11.545","10.780","865.58K","-2.00%"
"05/31/2021","11.735","11.820","11.835","11.705","875.66K","0.34%"
"05/28/2021","11.695","11.845","11.845","11.625","785.54K","-0.47%"
"05/27/2021","11.750","11.665","11.820","11.605","3.25M","0.73%"
"05/26/2021","11.665","11.680","11.715","11.575","2.78M","0.34%"
"05/25/2021","11.625","11.830","11.830","11.625","2.52M","-0.68%"
"05/24/2021","11.705","11.770","11.785","11.635","3.85M","0.21%"
"05/21/2021","11.680","11.700","11.765","11.630","596.16K","-0.43%"
"05/20/2021","11.730","11.835","11.850","11.625","582.29K","-0.38%"
"05/19/2021","11.775","11.760","11.900","11.610","1.17M","-0.84%"
"05/18/2021","11.875","12.100","12.185","11.825","697.24K","-0.63%"
"05/17/2021","11.950","11.870","11.985","11.765","1.22M","0.76%"
"05/14/2021","11.860","12.025","12.025","11.770","818.28K","0.04%"
"05/13/2021","11.855","11.800","11.990","11.575","785.34K","-0.71%"
"05/12/2021","11.940","11.900","12.075","11.770","690.52K","-0.67%"
"05/11/2021","12.020","12.180","12.180","11.680","1.22M","-1.84%"
"05/10/2021","12.245","12.250","12.430","12.210","777.60K","0.41%"
"05/07/2021","12.195","12.195","12.240","12.040","547.90K","0.74%"
"05/06/2021","12.105","11.935","12.135","11.880","896.60K","1.47%"
"05/05/2021","11.930","11.725","11.930","11.685","458.73K","3.07%"
"05/04/2021","11.575","11.745","11.825","11.480","700.73K","-1.32%"
"05/03/2021","11.730","11.580","11.730","11.530","378.72K","1.60%"
"04/30/2021","11.545","11.615","11.765","11.535","412.57K","-1.20%"
"04/29/2021","11.685","11.730","11.935","11.625","598.11K","0.00%"
"04/28/2021","11.685","11.775","11.855","11.600","633.19K","-1.10%"
"04/27/2021","11.815","11.920","11.920","11.770","356.05K","-0.88%"
"04/26/2021","11.920","11.805","11.920","11.760","849.70K","1.02%"
"04/23/2021","11.800","11.690","11.870","11.640","527.60K","0.90%"
"04/22/2021","11.695","11.680","11.755","11.580","526.28K","1.08%"
"04/21/2021","11.570","11.545","11.755","11.425","578.90K","0.56%"
"04/20/2021","11.505","11.705","11.765","11.475","593.73K","-1.24%"
"04/19/2021","11.650","11.840","11.890","11.635","579.17K","-0.98%"
"04/16/2021","11.765","11.710","11.775","11.625","859.59K","1.42%"
"04/15/2021","11.600","11.810","11.880","11.570","703.01K","-1.99%"
"04/14/2021","11.835","11.665","11.835","11.570","682.01K","1.59%"
"04/13/2021","11.650","11.460","11.715","11.395","1.15M","2.69%"
"04/12/2021","11.345","11.440","11.470","11.255","866.72K","-0.66%"
"04/09/2021","11.420","11.300","11.480","11.235","724.53K","1.15%"
"04/08/2021","11.290","11.280","11.320","11.175","487.34K","0.49%"
"04/07/2021","11.235","11.160","11.280","11.100","435.27K","1.22%"
"04/06/2021","11.100","11.200","11.295","11.100","650.39K","0.59%"
"04/01/2021","11.035","11.160","11.220","10.960","745.03K","-0.81%"
"03/31/2021","11.125","11.030","11.215","11.000","753.89K","0.68%"
"03/30/2021","11.050","10.810","11.055","10.780","671.05K","2.60%"
"03/29/2021","10.770","10.775","10.845","10.665","494.20K","-0.28%"
"03/26/2021","10.800","10.500","10.800","10.465","782.05K","3.65%"
"03/25/2021","10.420","10.440","10.585","10.185","756.70K","-0.86%"
"03/24/2021","10.510","10.150","10.515","10.115","844.51K","3.09%"
"03/23/2021","10.195","10.385","10.385","10.155","828.52K","-2.02%"
"03/22/2021","10.405","10.390","10.405","10.275","518.07K","-0.24%"
"03/19/2021","10.430","10.355","10.495","10.290","1.04M","-0.48%"
"03/18/2021","10.480","10.325","10.505","10.295","853.27K","2.44%"
"03/17/2021","10.230","10.470","10.470","10.165","780.85K","-1.49%"
"03/16/2021","10.385","10.410","10.435","10.230","747.58K","0.19%"
"03/15/2021","10.365","10.450","10.645","10.290","1.01M","-0.34%"
"03/12/2021","10.400","10.070","10.400","10.060","1.02M","2.41%"
"03/11/2021","10.155","10.145","10.240","10.065","805.76K","1.45%"
"03/10/2021","10.010","10.010","10.140","9.930","956.93K","-0.25%"
"03/09/2021","10.035","10.050","10.100","9.870","1.15M","0.43%"
"03/08/2021","9.992","9.900","10.015","9.808","950.55K","3.14%"
"03/05/2021","9.688","9.832","9.832","9.612","1.93M","-1.60%"
"03/04/2021","9.846","10.045","10.055","9.702","1.56M","-2.51%"
"03/03/2021","10.100","10.340","10.430","9.996","1.04M","-1.22%"
"03/02/2021","10.225","10.165","10.300","10.070","920.59K","0.44%"
"03/01/2021","10.180","10.100","10.485","9.966","2.06M","5.58%"
"02/26/2021","9.642","9.794","9.912","9.642","688.07K","-3.68%"
"02/25/2021","10.010","9.890","10.070","9.860","681.70K","1.65%"
"02/24/2021","9.848","9.716","9.980","9.690","754.72K","1.09%"
"02/23/2021","9.742","9.782","9.902","9.534","646.31K","-0.23%"
"02/22/2021","9.764","9.938","9.972","9.746","467.66K","-1.75%"
"02/19/2021","9.938","9.688","9.938","9.556","613.34K","3.63%"
"02/18/2021","9.590","9.786","9.980","9.576","937.06K","-0.70%"
"02/17/2021","9.658","9.848","9.860","9.652","469.61K","-1.39%"
"02/16/2021","9.794","9.780","9.840","9.668","579.60K","0.60%"
"02/15/2021","9.736","9.550","9.768","9.522","791.99K","2.61%"
"02/12/2021","9.488","9.490","9.540","9.326","369.09K","-0.13%"
"02/11/2021","9.500","9.626","9.726","9.464","905.44K","-1.57%"
"02/10/2021","9.652","9.614","9.780","9.612","740.52K","0.90%"
"02/09/2021","9.566","9.740","9.740","9.522","840.95K","-1.65%"
"02/08/2021","9.726","9.678","9.796","9.634","434.60K","0.83%"
"02/05/2021","9.646","9.500","9.646","9.484","600.39K","1.60%"
"02/04/2021","9.494","9.562","9.624","9.432","410.61K","0.51%"
"02/03/2021","9.446","9.600","9.610","9.308","851.78K","-0.23%"
"02/02/2021","9.468","9.510","9.700","9.442","1.31M","2.14%"
"02/01/2021","9.270","9.318","9.416","9.242","375.44K","0.98%"
"01/29/2021","9.180","9.236","9.438","9.162","627.44K","-1.86%"
"01/28/2021","9.354","9.020","9.444","8.800","654.64K","2.72%"
"01/27/2021","9.106","9.316","9.328","9.002","780.90K","-2.67%"
"01/26/2021","9.356","9.146","9.450","9.146","475.85K","1.67%"
"01/25/2021","9.202","9.474","9.570","9.136","825.88K","-1.86%"
"01/22/2021","9.376","9.530","9.580","9.280","970.31K","-2.88%"
"01/21/2021","9.654","9.574","9.750","9.574","587.69K","0.92%"
"01/20/2021","9.566","9.544","9.672","9.520","424.82K","0.86%"
"01/19/2021","9.484","9.678","9.732","9.444","621.32K","-1.35%"
"01/18/2021","9.614","9.434","9.660","9.352","585.40K","2.04%"
"01/15/2021","9.422","9.784","9.784","9.350","987.04K","-4.03%"
"01/14/2021","9.818","9.840","9.914","9.788","726.71K","0.04%"
"01/13/2021","9.814","9.850","9.980","9.768","628.80K","0.35%"
"01/12/2021","9.780","9.770","9.816","9.694","408.01K","0.78%"
"01/11/2021","9.704","9.714","9.780","9.588","526.86K","-0.08%"
"01/08/2021","9.712","9.900","9.900","9.670","696.16K","-1.10%"
"01/07/2021","9.820","9.590","9.840","9.550","1.13M","2.96%"
"01/06/2021","9.538","9.334","9.546","9.304","1.14M","2.43%"
"01/05/2021","9.312","9.310","9.334","9.214","463.93K","0.19%"
"01/04/2021","9.294","9.180","9.432","9.142","708.56K","2.88%"
"12/31/2020","9.034","9.150","9.178","9.034","316.60K","-1.68%"
"12/30/2020","9.188","9.132","9.240","9.100","460.47K","0.46%"
"12/29/2020","9.146","9.144","9.266","9.080","615.82K","0.51%"
"12/28/2020","9.100","9.200","9.276","9.072","405.56K","-0.55%"
"12/24/2020","9.150","9.190","9.190","9.070","170.59K","-0.07%"
"12/23/2020","9.156","9.076","9.184","9.038","799.78K","1.04%"
"12/22/2020","9.062","8.994","9.114","8.966","424.44K","1.27%"
"12/21/2020","8.948","8.800","8.998","8.742","841.39K","-0.75%"
"12/18/2020","9.016","9.150","9.182","8.980","958.52K","-1.81%"
"12/17/2020","9.182","9.150","9.196","9.054","1.20M","0.90%"
"12/16/2020","9.100","9.090","9.160","8.996","3.40M","0.51%"
"12/15/2020","9.054","8.810","9.060","8.790","1.46M","3.43%"
"12/14/2020","8.754","8.818","8.882","8.710","501.66K","0.34%"
"12/11/2020","8.724","8.800","8.822","8.670","569.03K","-0.73%"
"12/10/2020","8.788","8.838","8.962","8.706","634.02K","-1.85%"
"12/09/2020","8.954","8.832","8.988","8.770","750.61K","2.64%"
"12/08/2020","8.724","8.846","8.846","8.644","1.00M","-1.69%"
"12/07/2020","8.874","9.020","9.062","8.828","750.85K","-1.53%"
"12/04/2020","9.012","8.632","9.012","8.614","1.49M","4.79%"
"12/03/2020","8.600","8.680","8.764","8.576","710.02K","-0.76%"
"12/02/2020","8.666","8.690","8.692","8.526","800.98K","-0.39%"
"12/01/2020","8.700","8.530","8.760","8.480","792.18K","1.92%"
"11/30/2020","8.536","8.803","8.858","8.500","1.30M","-7.92%"
"11/27/2020","9.270","9.280","9.340","9.190","943.67K","0.43%"
"11/26/2020","9.230","9.330","9.350","9.154","514.94K","-0.04%"
"11/25/2020","9.234","9.314","9.350","9.170","1.07M","-0.22%"
"11/24/2020","9.254","9.032","9.278","8.940","2.04M","3.74%"
"11/23/2020","8.920","8.894","9.054","8.786","1.87M","1.97%"
"11/20/2020","8.748","8.576","8.780","8.544","1.33M","2.63%"
"11/19/2020","8.524","8.594","8.594","8.468","895.30K","-1.30%"
"11/18/2020","8.636","8.380","8.690","8.354","1.62M","4.68%"
"11/17/2020","8.250","8.394","8.484","8.180","1.23M","-1.50%"
"11/16/2020","8.376","8.298","8.576","8.220","1.93M","3.13%"
"11/13/2020","8.122","7.960","8.172","7.952","770.25K","1.35%"
"11/12/2020","8.014","8.000","8.044","7.910","898.04K","-0.35%"
"11/11/2020","8.042","7.814","8.062","7.760","983.79K","3.10%"
"11/10/2020","7.800","7.828","7.894","7.686","1.47M","-0.64%"
"11/09/2020","7.850","7.440","7.914","7.394","1.72M","7.65%"
"11/06/2020","7.292","7.262","7.362","7.168","574.09K","0.80%"
"11/05/2020","7.234","7.084","7.288","7.064","1.75M","2.38%"
"11/04/2020","7.066","6.772","7.066","6.678","758.55K","3.30%"
"11/03/2020","6.840","6.876","7.082","6.840","898.63K","0.47%"
"11/02/2020","6.808","6.866","6.868","6.732","752.62K","0.06%"
"10/30/2020","6.804","6.678","6.814","6.600","1.12M","0.80%"
"10/29/2020","6.750","6.912","6.956","6.688","1.25M","-2.09%"
"10/28/2020","6.894","7.180","7.180","6.810","1.43M","-5.59%"
"10/27/2020","7.302","7.450","7.458","7.256","762.17K","-1.24%"
"10/26/2020","7.394","7.260","7.590","7.136","1.39M","0.71%"
"10/23/2020","7.342","7.190","7.348","7.190","1.17M","2.03%"
"10/22/2020","7.196","7.182","7.334","7.096","592.32K","0.17%"
"10/21/2020","7.184","7.298","7.316","7.114","604.85K","-1.99%"
"10/20/2020","7.330","7.168","7.354","7.132","537.28K","1.78%"
"10/19/2020","7.202","7.210","7.280","7.160","432.18K","0.59%"
"10/16/2020","7.160","7.090","7.220","7.058","476.68K","1.70%"
"10/15/2020","7.040","7.030","7.076","6.984","521.39K","-1.65%"
"10/14/2020","7.158","7.096","7.158","7.020","372.50K","1.27%"
"10/13/2020","7.068","7.210","7.228","7.068","384.99K","-2.13%"
"10/12/2020","7.222","7.350","7.350","7.222","288.59K","-0.88%"
"10/09/2020","7.286","7.300","7.382","7.282","485.92K","-0.44%"
"10/08/2020","7.318","7.342","7.388","7.256","577.01K","0.16%"
"10/07/2020","7.306","7.112","7.306","7.058","808.03K","2.70%"
"10/06/2020","7.114","6.990","7.158","6.976","1.32M","2.21%"
"10/05/2020","6.960","7.018","7.060","6.832","935.48K","0.20%"
"10/02/2020","6.946","6.810","6.992","6.782","635.39K","0.29%"
"10/01/2020","6.926","7.046","7.046","6.850","700.70K","-1.11%"
"09/30/2020","7.004","7.018","7.078","6.934","827.37K","-0.26%"
"09/29/2020","7.022","7.052","7.104","7.022","427.70K","-1.01%"
"09/28/2020","7.094","6.870","7.110","6.840","681.31K","4.29%"
"09/25/2020","6.802","6.888","6.898","6.778","432.91K","-0.23%"
"09/24/2020","6.818","6.798","6.874","6.732","569.25K","-0.76%"
"09/23/2020","6.870","6.830","6.922","6.770","568.71K","1.48%"
"09/22/2020","6.770","6.752","6.920","6.678","899.87K","1.38%"
"09/21/2020","6.678","7.026","7.026","6.650","1.10M","-5.52%"
"09/18/2020","7.068","7.064","7.100","6.972","750.85K","-0.17%"
"09/17/2020","7.080","6.824","7.080","6.818","1.14M","2.28%"
"09/16/2020","6.922","6.816","6.942","6.748","1.24M","1.41%"
"09/15/2020","6.826","6.816","6.880","6.788","740.70K","0.09%"
"09/14/2020","6.820","6.860","6.918","6.804","701.06K","-0.03%"
"09/11/2020","6.822","6.808","6.852","6.730","584.26K","-0.32%"
"09/10/2020","6.844","6.800","6.916","6.788","458.74K","-0.12%"
"09/09/2020","6.852","6.836","6.900","6.764","545.96K","0.18%"
"09/08/2020","6.840","6.934","6.934","6.728","684.33K","-1.36%"
"09/07/2020","6.934","7.048","7.080","6.922","440.29K","-0.89%"
"09/04/2020","6.996","6.866","7.100","6.824","770.98K","2.31%"
"09/03/2020","6.838","6.978","7.084","6.798","548.22K","-1.21%"
"09/02/2020","6.922","6.970","7.054","6.922","797.25K","0.17%"
"09/01/2020","6.910","6.888","6.990","6.798","566.57K","1.77%"
"08/31/2020","6.790","7.000","7.102","6.760","1.13M","-2.25%"
"08/28/2020","6.946","6.850","6.954","6.826","359.41K","1.55%"
"08/27/2020","6.840","6.974","6.996","6.838","344.13K","-1.89%"
"08/26/2020","6.972","6.810","6.972","6.810","829.64K","2.32%"
"08/25/2020","6.814","7.044","7.150","6.814","698.27K","-2.07%"
"08/24/2020","6.958","6.888","7.030","6.850","543.50K","1.96%"
"08/21/2020","6.824","6.956","7.024","6.800","879.76K","-1.81%"
"08/20/2020","6.950","7.200","7.200","6.950","1.25M","-4.53%"
"08/19/2020","7.280","7.292","7.336","7.238","329.12K","-0.52%"
"08/18/2020","7.318","7.404","7.444","7.300","399.11K","-1.98%"
"08/17/2020","7.466","7.386","7.504","7.386","300.45K","1.22%"
"08/14/2020","7.376","7.478","7.478","7.340","240.14K","-1.28%"
"08/13/2020","7.472","7.570","7.570","7.452","317.23K","-1.01%"
"08/12/2020","7.548","7.440","7.598","7.370","406.92K","1.34%"
"08/11/2020","7.448","7.364","7.520","7.352","434.19K","1.58%"
"08/10/2020","7.332","7.224","7.332","7.172","388.10K","2.40%"
"08/07/2020","7.160","7.240","7.246","7.150","673.21K","-1.59%"
"08/06/2020","7.276","7.392","7.516","7.276","452.18K","-2.96%"
"08/05/2020","7.498","7.334","7.498","7.292","646.50K","2.97%"
"08/04/2020","7.282","7.400","7.448","7.196","424.66K","-0.55%"
"08/03/2020","7.322","7.268","7.342","7.076","857.89K","1.22%"
"07/31/2020","7.234","7.438","7.442","7.234","667.14K","-1.66%"
"07/30/2020","7.356","7.600","7.672","7.226","1.05M","-3.52%"
"07/29/2020","7.624","7.150","7.730","7.126","1.91M","8.76%"
"07/28/2020","7.010","7.170","7.178","6.992","388.93K","-1.27%"
"07/27/2020","7.100","7.120","7.132","6.986","570.72K","-0.50%"
"07/24/2020","7.136","7.000","7.162","6.990","794.57K","0.00%"
"07/23/2020","7.136","7.150","7.224","7.076","605.12K","0.39%"
"07/22/2020","7.108","7.090","7.174","6.950","1.11M","0.25%"
"07/21/2020","7.090","7.250","7.356","7.090","741.30K","-1.09%"
"07/20/2020","7.168","7.200","7.216","7.100","726.52K","-0.42%"
"07/17/2020","7.198","7.430","7.430","7.188","1.47M","-1.59%"
"07/16/2020","7.314","7.350","7.362","7.260","409.63K","-1.00%"
"07/15/2020","7.388","7.468","7.488","7.278","891.87K","0.82%"
"07/14/2020","7.328","7.392","7.464","7.206","587.50K","-2.66%"
"07/13/2020","7.528","7.366","7.582","7.352","852.10K","3.89%"
"07/10/2020","7.246","7.120","7.294","7.084","622.43K","1.00%"
"07/09/2020","7.174","7.328","7.344","7.142","532.85K","-0.94%"
"07/08/2020","7.242","7.326","7.400","7.226","622.80K","-2.48%"
"07/07/2020","7.426","7.302","7.448","7.302","659.98K","0.49%"
"07/06/2020","7.390","7.332","7.468","7.282","721.64K","3.21%"
"07/03/2020","7.160","7.290","7.316","7.082","550.98K","-1.73%"
"07/02/2020","7.286","7.202","7.382","7.132","774.26K","3.03%"
"07/01/2020","7.072","7.290","7.290","7.014","737.52K","-1.50%"
"06/30/2020","7.180","7.388","7.450","7.094","746.31K","-2.05%"
"06/29/2020","7.330","7.010","7.330","6.966","817.42K","4.09%"
"06/26/2020","7.042","7.220","7.240","7.038","579.19K","-0.87%"
"06/25/2020","7.104","7.060","7.178","6.960","746.26K","0.25%"
"06/24/2020","7.086","7.276","7.362","7.082","1.27M","-3.85%"
"06/23/2020","7.370","7.306","7.410","7.206","927.19K","1.94%"
"06/22/2020","7.230","7.246","7.390","7.160","778.63K","-1.31%"
"06/19/2020","7.326","7.570","7.570","7.326","913.00K","-1.37%"
"06/18/2020","7.428","7.350","7.476","7.250","1.24M","0.16%"
"06/17/2020","7.416","7.414","7.570","7.384","839.12K","-0.03%"
"06/16/2020","7.418","7.316","7.550","7.212","1.92M","4.95%"
"06/15/2020","7.068","6.908","7.094","6.760","935.30K","-0.59%"
"06/12/2020","7.110","7.010","7.334","6.902","1.09M","0.40%"
"06/11/2020","7.082","7.360","7.360","7.036","1.41M","-6.15%"
"06/10/2020","7.546","7.570","7.754","7.388","1.41M","-0.24%"
"06/09/2020","7.564","7.840","7.924","7.456","1.47M","-3.55%"
"06/08/2020","7.842","7.900","8.184","7.742","1.28M","-1.68%"
"06/05/2020","7.976","7.820","7.990","7.634","1.92M","3.67%"
"06/04/2020","7.694","7.700","7.778","7.554","946.83K","-0.29%"
"06/03/2020","7.716","7.678","7.744","7.556","","3.16%"
"06/02/2020","7.480","7.300","7.576","7.220","1.54M","3.31%"
"06/01/2020","7.240","7.288","7.344","7.140","655.55K","1.49%"
"05/29/2020","7.134","7.150","7.226","6.990","1.19M","-1.44%"
"05/28/2020","7.238","7.210","7.366","7.104","757.43K","0.67%"
"05/27/2020","7.190","7.042","7.472","7.032","1.48M","2.42%"
"05/26/2020","7.020","6.896","7.080","6.818","938.14K","2.93%"
"05/25/2020","6.820","6.704","6.830","6.654","448.01K","1.82%"
"05/22/2020","6.698","6.702","6.714","6.542","770.57K","-1.03%"
"05/21/2020","6.768","6.500","6.892","6.434","1.13M","2.83%"
"05/20/2020","6.582","6.688","6.710","6.410","1.49M","-2.32%"
"05/19/2020","6.738","6.878","6.980","6.630","1.42M","-0.62%"
"05/18/2020","6.780","6.480","6.780","6.412","690.31K","6.57%"
"05/15/2020","6.362","6.696","6.696","6.320","923.17K","0.63%"
"05/14/2020","6.322","6.180","6.406","6.002","1.09M","3.81%"
"05/13/2020","6.090","6.410","6.410","6.082","499.48K","-5.87%"
"05/12/2020","6.470","6.512","6.618","6.464","343.89K","-1.01%"
"05/11/2020","6.536","6.782","6.890","6.534","340.99K","-2.97%"
"05/08/2020","6.736","6.852","6.870","6.666","424.05K","-0.50%"
"05/07/2020","6.770","6.670","6.770","6.568","421.98K","1.26%"
"05/06/2020","6.686","6.748","6.804","6.628","942.84K","-1.53%"
"05/05/2020","6.790","6.970","7.028","6.776","514.04K","-1.16%"
"05/04/2020","6.870","6.658","6.922","6.520","649.46K","-0.81%"